Customer ID,Date,Time,First Name,Last Name,Gender,Gmail Address,Phone Number,Country,Contact Later,Fruits,Apple,Banana,Orange,Grapes,Strawberry,Pineapple,Mango,Blueberry,Peach,Cherry,Total,state_address,street,Zip_Code
449,2021-01-06,03:17:22,Christopher,Harris,Female,victorlee@example.net,355-905-88676,Norway,YES,Orange,1.9,2.6,1.5,1.5,2.5,1.5,2.5,1.8,2.4,1.3,1.5,Utah, 47516 Natalie Avenue, 32560
37,2021-01-17,23:19:33,Patricia,Jackson,Female,justinbooker@example.com,028-438-42317,Slovenia,YES,Strawberry,2.0,1.3,2.4,2.0,2.5,2.3,2.3,1.9,1.8,1.7,2.5,Idaho, 686 Meyer Cove Apt. 000, 14576
254,2021-01-19,19:01:01,Melissa,Parker,Female,kellihamilton@example.com,408-979-06475,Turkey,YES,"Apple,Banana,Strawberry,Cherry,Pineapple",2.5,2.0,1.5,1.2,1.4,2.1,2.1,2.2,2.5,1.8,9.8,Maine, 8601 Bryan Brook, 09103
220,2021-01-20,00:58:19,Patricia,White,Female,jeffrey06@example.net,130-209-33694,Panama,YES,"Pineapple,Grapes,Apple,Banana,Peach",1.5,1.5,2.0,1.3,2.3,1.7,1.5,2.6,2.5,1.2,8.5,Indiana, 5954 Vasquez Circles Suite 360, 99492
329,2021-01-25,07:05:51,Kevin,Hall,Male,nicolejimenez@example.com,959-021-36566,Australia,YES,"Mango,Pineapple,Apple",2.1,2.6,2.5,1.4,2.2,1.4,1.5,1.3,2.0,2.3,5.0,Nevada, , 42184
460,2021-01-26,00:26:55,Brian,Harris,Female,geoffrey67@example.org,573-873-29304,Guinea-Bissau,YES,"Mango,Pineapple",2.2,1.8,2.1,1.6,1.3,1.2,1.9,2.3,1.2,2.7,3.1,West Virginia, 350 Megan Orchard Suite 913, 76065
125,2021-01-27,15:14:43,Richard,Martinez,Female,kristin09@example.org,717-722-82796,Kuwait,YES,"Cherry,Strawberry,Mango,Peach",1.4,1.8,2.0,2.3,2.6,2.5,1.3,1.6,2.4,1.9,8.2,Alaska, 843 Sherry Lane, 82136
436,2021-01-31,05:02:49,Linda,Wright,Female,zacharythomas@example.com,466-603-16494,Malawi,YES,Pineapple,1.9,2.2,1.5,2.7,1.2,1.2,2.2,2.0,1.5,1.4,1.2,South Carolina, 7006 Campbell Junction, 02865
88,2021-02-01,08:46:43,Sandra,Thomas,Female,lcamacho@example.net,199-214-41682,Sweden,YES,Peach,1.9,1.6,2.4,2.0,1.9,2.0,1.6,1.8,2.5,2.4,2.5,West Virginia, , 
131,2021-03-09,17:54:49,George,Collins,Female,phillipsrobert@example.net,479-490-29081,Korea,YES,"Cherry,Peach,Strawberry,Banana",2.6,1.7,1.2,2.0,2.1,1.4,2.6,1.5,1.4,1.4,6.6000000000000005,Louisiana, 5905 Lane Land Suite 235, 74027
479,2021-03-10,19:32:21,Jennifer,Lee,Male,dunnmichael@example.com,821-940-56305,Reunion,YES,Banana,1.6,2.3,2.3,1.5,2.3,2.0,1.9,2.0,2.2,1.8,2.3,Utah, 560 Chambers Valley Suite 811, 53557
54,2021-03-11,04:09:42,Brian,Scott,Male,zgraham@example.net,956-173-02034,Israel,YES,"Peach,Pineapple",1.4,1.5,1.6,2.5,1.6,2.4,1.4,1.7,2.5,2.1,4.9,Vermont, 7684 Osborne Rest Apt. 322, 
60,2021-03-13,09:33:52,Carol,Moore,Male,aguilarpamela@example.org,879-771-58917,Palau,YES,"Banana,Grapes,Strawberry",2.2,1.6,1.8,1.8,1.7,2.7,1.8,2.3,1.4,2.4,5.1000000000000005,New Hampshire, , 18186
24,2021-03-19,16:45:31,Margaret,Taylor,Male,rodriguezjohn@example.net,342-540-80756,Croatia,YES,Pineapple,2.6,1.9,1.6,2.6,1.7,1.8,2.7,2.1,1.5,2.1,1.8,Colorado, , 73470
61,2021-03-20,10:39:58,Emily,Johnson,Male,daniel81@example.net,065-586-37670,Ireland,YES,"Mango,Apple,Banana",1.7,2.0,1.6,1.9,1.3,1.4,1.7,2.5,2.1,1.4,5.4,Nebraska, 3031 Bennett Tunnel Suite 086, 88372
432,2021-03-24,05:47:29,Linda,Carter,Male,xsanders@example.org,877-770-10111,Mali,YES,"Pineapple,Orange,Strawberry,Grapes",1.6,1.3,1.5,1.6,2.3,2.4,2.5,2.4,2.5,1.6,7.799999999999999,New Jersey, 239 Salazar Drive, 08374
82,2021-03-28,13:20:29,James,Phillips,Male,thomastaylor@example.com,784-829-24194,Morocco,YES,"Mango,Banana,Grapes,Cherry",2.0,2.0,2.4,1.5,1.7,1.4,1.5,1.4,2.0,2.2,7.2,Iowa, 149 Watts Underpass Suite 865, 87178
6,2021-04-14,19:49:19,Betty,Nelson,Male,robertclark@example.com,146-514-62466,Sudan,YES,"Mango,Banana,Grapes",1.4,2.0,1.4,1.6,1.9,1.7,1.5,2.7,1.3,2.1,5.1,Alaska, , 84981
277,2021-04-26,19:32:58,Anthony,Thompson,Female,perrydenise@example.net,837-460-16628,San Marino,YES,"Apple,Strawberry",2.0,2.5,2.5,1.6,2.2,1.9,2.1,1.8,2.1,1.9,4.2,Alabama, 698 Sean Crossroad, 
276,2021-05-01,11:47:12,Barbara,White,Female,pjackson@example.net,811-739-68191,Egypt,YES,"Grapes,Cherry,Pineapple",2.5,1.5,2.4,1.3,2.1,2.1,1.9,1.6,1.5,2.4,5.800000000000001,Mississippi, , 26740
192,2021-05-08,02:05:01,Kevin,Martin,Female,melanie48@example.com,599-745-47236,Sao Tome and Principe,YES,"Pineapple,Blueberry,Orange",1.3,2.1,1.3,1.9,1.8,1.2,2.6,1.9,1.7,2.3,4.4,Missouri, 64878 Brandon Island, 80375
147,2021-05-10,08:10:18,Ashley,Williams,Female,diane33@example.org,854-644-88346,Saudi Arabia,YES,"Apple,Strawberry,Mango",2.0,1.9,1.2,1.7,1.7,1.5,1.2,1.6,1.5,1.3,4.9,Colorado, 211 Hannah Gardens Suite 001, 
234,2021-05-15,11:22:53,Daniel,Carter,Male,codyperry@example.com,228-560-26559,Western Sahara,YES,"Strawberry,Orange,Cherry",2.5,1.2,1.6,2.3,2.2,2.2,2.2,1.9,1.5,1.7,5.5,New York, , 28289
323,2021-05-21,22:44:45,Susan,Walker,Male,milleremily@example.org,272-623-93561,Svalbard & Jan Mayen Islands,YES,Strawberry,1.6,1.3,2.5,2.1,2.7,2.1,1.2,2.4,1.8,2.2,2.7,Massachusetts, 64175 Jones Shoals Suite 838, 88944
413,2021-06-02,04:35:47,Jessica,Turner,Female,hughesalejandro@example.org,639-727-24434,Lesotho,YES,"Pineapple,Cherry,Peach",1.4,1.8,2.5,2.5,1.4,2.5,1.5,1.3,2.5,1.6,6.6,Vermont, 1698 Gregory Valley Suite 803, 43223
162,2021-06-07,09:40:01,George,Rodriguez,Male,marymiller@example.net,142-045-34586,Chad,YES,"Apple,Peach,Orange,Grapes,Cherry",1.4,1.2,1.9,1.5,1.9,2.5,2.6,2.7,2.2,1.7,8.7,Kentucky, 1611 Darrell Path Suite 572, 
494,2021-07-06,03:58:30,Ashley,Edwards,Female,justin92@example.com,542-306-77895,United States Virgin Islands,YES,"Apple,Grapes",2.7,2.7,2.0,2.6,1.3,1.7,1.5,2.1,1.6,1.7,5.300000000000001,Ohio, , 12996
83,2021-07-08,05:15:24,Susan,Brown,Female,yhenry@example.org,318-818-28856,India,YES,"Strawberry,Orange,Peach,Banana",1.9,1.4,1.9,1.5,1.3,2.2,2.3,1.3,1.5,1.3,6.1,Alaska, , 03269
43,2021-07-09,10:12:07,Daniel,Johnson,Male,joserobertson@example.org,939-799-75446,Slovakia (Slovak Republic),YES,Pineapple,1.6,1.8,2.6,1.6,2.4,1.5,2.2,2.3,2.7,1.6,1.5,Mississippi, 8307 Patrick Inlet, 63125
395,2021-07-10,20:05:38,Charles,Taylor,Male,williamsheather@example.org,735-076-35757,Madagascar,YES,Mango,2.1,1.4,2.6,1.3,1.4,2.3,2.4,2.1,2.5,1.8,2.4,Alabama, , 53918
34,2021-07-15,13:49:49,Steven,Allen,Male,jmarshall@example.net,983-874-26870,Hong Kong,YES,"Strawberry,Mango,Peach",2.0,1.5,1.3,2.6,2.5,1.9,2.2,1.4,2.1,2.3,6.800000000000001,Oregon, 923 Amanda Isle, 78387
227,2021-07-18,20:08:29,Jessica,Campbell,Male,douglasandre@example.org,529-190-29310,Nepal,YES,Blueberry,2.5,2.6,1.3,2.5,2.6,2.4,2.2,1.4,1.6,1.5,1.4,Delaware, , 93986
272,2021-07-20,20:20:02,Anthony,Smith,Male,dlarson@example.com,611-670-49139,Belarus,YES,Mango,2.6,2.7,2.6,2.6,2.1,2.4,1.5,1.4,2.6,1.4,1.5,North Dakota, 65822 Timothy Keys Apt. 739, 
340,2021-07-30,10:00:41,Emily,Green,Female,rhodestodd@example.net,497-443-85192,Zambia,YES,"Cherry,Blueberry,Mango,Strawberry,Apple",2.2,2.3,1.4,2.0,1.5,2.4,2.4,1.8,1.7,2.4,10.3,Rhode Island, , 47048
46,2021-07-31,16:38:16,Brian,Lewis,Female,kimjones@example.net,838-438-41120,Ecuador,YES,"Pineapple,Mango,Blueberry,Apple,Strawberry",2.4,2.0,1.8,2.5,1.6,2.7,1.3,1.5,2.4,1.4,9.5,Minnesota, 99198 Bethany Lights Apt. 000, 09190
394,2021-08-01,18:56:36,Deborah,Lopez,Male,jacob88@example.org,663-584-26368,United Arab Emirates,YES,"Apple,Orange,Strawberry,Blueberry",2.4,1.9,2.5,1.9,2.6,1.4,1.6,2.5,2.5,1.4,10.0,Rhode Island, 7257 Villa Falls, 77112
194,2021-08-10,00:34:53,Lisa,Lewis,Male,nortonerin@example.org,549-831-99839,Uganda,YES,Cherry,1.6,2.6,1.3,2.6,2.6,2.1,2.6,1.7,1.6,1.8,1.8,Kansas, , 
246,2021-08-10,20:07:53,Kimberly,Rodriguez,Male,crystalmorgan@example.com,844-848-87896,Holy See (Vatican City State),YES,"Mango,Strawberry,Blueberry,Banana",2.0,2.3,2.0,2.2,1.4,2.4,1.9,1.5,2.4,2.5,7.1,Oklahoma, 06049 Christopher Course, 29754
16,2021-08-16,08:48:14,John,Lopez,Male,dannygraham@example.com,323-606-70616,Mozambique,YES,Blueberry,1.8,2.3,2.6,1.2,1.5,2.7,1.3,1.5,2.1,2.6,1.5,Louisiana, , 45861
164,2021-08-20,16:10:17,Brian,Perez,Male,gsmith@example.net,779-527-95746,Zambia,YES,"Grapes,Strawberry,Orange",2.3,1.3,2.1,1.7,1.5,1.4,2.4,1.7,1.3,2.3,5.300000000000001,Nevada, , 05859
268,2021-08-22,09:24:38,Donna,Roberts,Male,nathaniel69@example.org,154-883-17516,Marshall Islands,YES,"Grapes,Peach,Blueberry,Cherry,Orange",1.4,2.6,1.4,1.6,2.4,2.5,1.3,2.1,1.7,1.7,8.5,New Jersey, 64174 Kelly Vista, 30802
56,2021-08-26,22:26:04,George,King,Male,jessicamurray@example.net,842-633-29486,Eritrea,YES,"Cherry,Banana,Strawberry",2.2,1.3,2.5,2.1,2.2,1.7,1.9,1.9,1.2,2.4,5.9,Georgia, , 
183,2021-09-06,00:20:34,Brian,Thompson,Male,butlergregory@example.net,540-935-90071,Gambia,YES,"Grapes,Pineapple,Strawberry",2.6,2.6,1.3,2.3,2.5,1.9,2.2,2.7,1.5,1.5,6.699999999999999,Rhode Island, 1687 Shawn Lakes Apt. 699, 38582
190,2021-09-07,20:51:54,Dorothy,Martin,Male,ocollier@example.org,354-056-14098,Bangladesh,YES,Pineapple,1.7,1.9,1.8,2.4,2.4,1.9,1.5,2.0,2.6,1.8,1.9,Rhode Island, , 
380,2021-09-14,04:42:40,Anthony,Hall,Female,millergabriella@example.com,774-689-57861,Togo,YES,"Pineapple,Strawberry,Grapes,Apple,Blueberry",1.8,2.1,1.4,2.1,1.8,2.2,2.1,2.6,2.3,2.2,10.5,Wisconsin, 484 Garcia Via, 70602
470,2021-09-16,21:34:34,Emily,Mitchell,Female,wilsonanne@example.org,853-460-18099,Solomon Islands,YES,"Mango,Peach,Orange,Grapes",2.5,1.3,1.8,2.3,2.3,1.9,2.1,1.8,2.3,1.4,8.5,Wyoming, 10551 Mitchell Haven, 38702
117,2021-09-27,10:29:17,Lisa,Baker,Female,ericspencer@example.org,237-252-87108,American Samoa,YES,Pineapple,2.2,1.4,1.9,2.4,1.7,1.9,1.8,1.8,2.5,2.4,1.9,Vermont, 4917 Cruz Street, 88059
170,2021-10-07,06:47:48,Edward,Allen,Female,tanner69@example.com,869-290-54516,Antigua and Barbuda,YES,"Orange,Blueberry,Strawberry",2.1,1.4,2.4,1.9,1.8,1.3,1.3,1.5,1.7,2.2,5.7,Florida, 274 Espinoza Forks, 49419
462,2021-10-12,06:32:05,Paul,Thomas,Male,stevenfriedman@example.org,118-233-84084,Tunisia,YES,Apple,1.5,2.3,1.6,1.4,2.3,1.3,1.6,2.3,1.9,1.6,1.5,Georgia, 1736 Amber Circles Apt. 314, 
185,2021-10-15,23:37:01,William,Williams,Female,rogerandrews@example.org,154-724-28320,United States of America,YES,"Pineapple,Orange",1.7,2.0,1.6,2.4,2.7,2.6,1.3,1.3,2.7,2.3,4.2,Rhode Island, , 48139
233,2021-11-01,10:21:49,Sarah,Thompson,Male,stacy18@example.org,523-022-65435,Isle of Man,YES,"Apple,Peach,Pineapple",1.6,1.5,1.4,1.4,1.6,2.4,2.5,1.6,1.9,2.6,5.9,Vermont, 836 Cantrell Causeway Suite 846, 84887
364,2021-11-02,10:18:42,Brian,Rodriguez,Female,richard46@example.com,670-293-42829,Zimbabwe,YES,"Grapes,Orange,Banana",1.4,2.6,1.6,1.5,1.3,1.6,2.1,1.5,2.7,2.6,5.7,New York, , 74291
30,2021-11-03,12:07:28,Jennifer,Allen,Male,andrew19@example.org,934-913-34610,Switzerland,YES,"Mango,Grapes,Strawberry,Banana,Cherry",2.7,2.2,1.8,2.3,2.4,1.3,2.0,2.3,2.4,2.1,10.999999999999998,Rhode Island, 718 Garcia Ferry, 76401
497,2021-11-20,00:30:33,Sarah,Anderson,Female,hnorman@example.net,032-085-39419,New Zealand,YES,"Banana,Blueberry,Strawberry",1.6,2.0,1.8,1.2,1.5,1.4,1.3,1.4,1.3,1.4,4.9,Alabama, , 
126,2021-11-25,20:17:10,Michelle,Lee,Male,jessica49@example.net,324-313-58649,Mauritania,YES,"Pineapple,Peach,Mango",2.1,2.0,1.2,2.4,2.5,1.8,1.8,2.1,1.3,2.2,4.9,Vermont, , 
412,2021-11-28,22:11:03,Kimberly,Perez,Female,kyle52@example.org,208-679-82788,Hong Kong,YES,"Grapes,Peach,Blueberry",1.5,2.7,1.9,2.2,2.6,2.0,1.9,2.5,2.7,2.1,7.4,Indiana, , 
121,2021-11-29,18:17:07,Michael,Taylor,Male,kyletaylor@example.org,012-324-35574,Timor-Leste,YES,"Cherry,Peach,Banana,Strawberry",2.4,2.4,2.0,2.0,2.0,1.7,1.4,1.9,1.2,1.4,7.0,Arkansas, 01482 Amanda Island Apt. 457, 90122
446,2021-12-01,05:12:36,Dorothy,Mitchell,Female,freed@example.com,362-683-42210,Bermuda,YES,"Cherry,Peach",1.3,1.5,1.8,2.3,2.4,2.7,1.5,1.5,2.3,1.3,3.6,Nebraska, , 86433
279,2021-12-01,19:41:11,Elizabeth,Adams,Female,donna71@example.org,672-841-00004,Greenland,YES,"Apple,Blueberry,Peach,Mango,Pineapple",1.7,1.7,2.0,1.5,2.2,1.6,2.4,2.4,2.1,2.2,10.2,New Mexico, , 58019
347,2021-12-02,15:42:29,Lisa,Wright,Female,froach@example.net,653-615-12433,Slovenia,YES,"Grapes,Strawberry,Cherry,Pineapple,Apple",1.7,1.6,2.1,1.7,1.9,2.1,2.2,1.9,2.2,1.9,9.3,North Carolina, , 63748
464,2021-12-16,11:40:41,Joshua,Mitchell,Female,john27@example.com,919-875-14397,Antigua and Barbuda,YES,"Orange,Apple",1.7,2.2,1.3,2.3,2.6,2.6,1.8,1.9,2.1,2.3,3.0,South Dakota, , 
480,2021-12-22,09:28:41,Kimberly,White,Male,waltonmichael@example.org,561-785-85247,Zimbabwe,YES,"Cherry,Apple",2.1,2.2,2.5,2.5,2.2,2.5,1.8,2.3,1.3,2.6,4.7,Georgia, 537 Rebecca Terrace Suite 854, 
104,2021-12-27,01:05:36,Donna,Martin,Male,lynn79@example.net,167-257-17772,Maldives,YES,"Strawberry,Grapes,Cherry,Apple,Blueberry",2.4,1.9,2.1,2.1,1.9,1.6,2.1,2.0,1.6,1.4,9.8,New Hampshire, 1837 Martin Avenue Apt. 465, 57513
263,2022-01-06,11:34:08,Mary,Parker,Female,daniel19@example.com,068-122-37117,Heard Island and McDonald Islands,YES,"Mango,Cherry,Pineapple,Banana,Apple",1.5,2.4,1.5,1.5,1.8,1.9,1.2,2.1,1.6,2.7,9.7,Missouri, 575 Holmes Shores Suite 670, 
51,2022-01-23,15:27:08,Amanda,Edwards,Male,michael76@example.org,990-406-23181,Albania,YES,"Banana,Orange,Strawberry",1.5,2.7,2.6,1.9,2.2,1.7,2.1,1.3,2.3,1.9,7.500000000000001,North Dakota, 4640 Felicia Isle, 
191,2022-01-27,02:25:13,Daniel,Turner,Female,stevenhenry@example.net,195-006-29452,United States of America,YES,"Apple,Peach,Blueberry",2.4,1.5,2.0,2.1,2.4,1.3,2.4,2.0,1.6,2.1,6.0,North Carolina, , 25785
397,2022-01-30,23:10:39,Kimberly,Harris,Male,mmcmahon@example.net,211-636-43234,Palestinian Territory,YES,"Peach,Strawberry,Apple",2.1,2.2,1.7,2.6,1.9,2.2,2.2,1.8,1.9,1.6,5.9,Alaska, 92345 Fox Row Suite 880, 84318
63,2022-02-03,19:59:43,James,Anderson,Male,carterralph@example.net,936-468-03909,Kenya,YES,Apple,1.4,1.3,2.0,2.5,1.7,1.3,2.7,1.5,1.9,2.3,1.4,Hawaii, 81441 Klein Manors, 97756
130,2022-02-11,02:00:47,Amanda,Martin,Male,lmarsh@example.org,263-039-17547,Isle of Man,YES,"Peach,Banana,Grapes,Mango",1.8,2.0,2.1,2.6,1.4,2.5,1.5,1.9,1.6,2.4,7.7,Tennessee, , 10870
500,2022-02-13,19:51:34,William,Rodriguez,Female,sandramcdaniel@example.net,506-617-37287,New Zealand,YES,"Strawberry,Apple,Pineapple,Orange",2.4,2.5,2.0,1.5,1.7,1.6,1.5,2.0,2.2,2.2,7.699999999999999,Kentucky, , 68970
284,2022-02-17,02:39:08,Donna,Anderson,Male,tammydorsey@example.org,727-759-66170,Lao People's Democratic Republic,YES,Apple,1.4,1.3,1.8,2.1,1.7,2.2,1.3,1.4,1.3,2.4,1.4,Oklahoma, 58123 Brock Roads, 
298,2022-02-19,05:22:18,Emily,Mitchell,Male,fitzgeraldcindy@example.com,040-809-72499,Puerto Rico,YES,Blueberry,1.8,2.5,1.4,1.6,2.6,1.3,1.6,2.4,2.3,2.6,2.4,Arizona, , 06772
435,2022-02-21,13:18:26,Brian,Smith,Male,ksanchez@example.com,326-396-90210,Ghana,YES,"Orange,Blueberry,Peach",2.7,2.1,1.4,1.2,1.8,2.0,2.5,2.3,2.3,2.5,6.0,South Carolina, 4453 Schultz Station Apt. 027, 
488,2022-02-28,16:16:34,Dorothy,Campbell,Male,leejerry@example.net,415-001-27908,Moldova,YES,"Peach,Grapes",2.5,2.6,2.2,2.0,1.8,2.3,2.3,2.3,2.7,1.7,4.7,Mississippi, 478 Porter Crossroad, 
286,2022-03-03,18:11:33,Richard,Perez,Female,ccoleman@example.org,123-246-10723,Mauritania,YES,"Blueberry,Strawberry,Peach,Orange",2.5,2.5,2.0,2.4,1.6,2.3,1.9,1.8,2.5,1.8,7.9,Colorado, 63829 Gerald Rapid, 27143
175,2022-03-07,11:10:23,Lisa,Anderson,Female,xcherry@example.org,417-837-31107,Mauritius,YES,Peach,2.1,2.3,2.2,1.3,1.3,1.5,2.6,1.3,2.1,2.3,2.1,Maryland, 369 Mckenzie Well Apt. 651, 26793
252,2022-03-09,23:42:39,Amanda,Nelson,Female,brian97@example.net,718-970-99677,Philippines,YES,"Orange,Strawberry,Peach,Banana,Apple",2.4,1.4,1.2,1.9,1.9,1.8,1.4,2.3,1.5,1.7,8.4,Mississippi, , 24185
22,2022-03-17,15:03:08,Thomas,Garcia,Female,jessica23@example.com,330-673-54928,India,YES,"Grapes,Mango",2.1,2.0,1.2,1.6,2.6,2.6,1.7,2.7,2.6,2.5,3.3,Maryland, 538 James Prairie Apt. 804, 40380
69,2022-03-24,08:41:17,Patricia,King,Male,daniellozano@example.org,079-891-30811,Turkey,YES,"Blueberry,Peach",2.7,2.3,2.6,1.5,2.4,1.8,1.9,2.3,2.2,1.4,4.5,Alaska, 22906 Rebecca Mission, 
454,2022-03-25,10:19:28,Sandra,Anderson,Male,rittersara@example.net,278-571-53097,Cape Verde,YES,"Banana,Cherry,Orange",1.4,1.8,1.4,2.3,1.9,1.5,2.5,2.3,1.5,1.4,4.6,Virginia, 321 Howard Rapid, 
123,2022-03-30,09:57:09,William,Mitchell,Female,omcclain@example.net,531-260-25428,Papua New Guinea,YES,"Banana,Peach",1.9,1.8,1.5,1.4,1.6,2.6,1.9,1.2,2.0,2.6,3.8,Mississippi, 379 John Bridge, 73012
101,2022-04-03,07:02:11,Donna,Thomas,Female,logan92@example.com,410-341-43574,Honduras,YES,"Orange,Mango,Peach",1.9,1.6,2.4,2.7,2.1,1.8,2.1,2.6,2.5,2.5,7.0,Arizona, 08518 Miller Mills Apt. 141, 23401
461,2022-04-05,01:29:41,Edward,Lopez,Male,tdawson@example.org,432-044-47614,Portugal,YES,"Apple,Orange,Blueberry,Cherry",2.6,1.6,2.5,1.3,1.9,2.1,1.9,2.7,2.1,1.9,9.7,Illinois, 13128 Anna Fork Suite 351, 51054
332,2022-04-05,21:46:02,Patricia,Thomas,Male,skinnermikayla@example.net,408-329-28222,Kazakhstan,YES,"Apple,Banana",1.7,1.5,1.3,2.2,1.8,2.1,2.5,1.4,2.6,1.5,3.2,Colorado, , 61398
273,2022-04-09,02:00:45,Melissa,Wright,Female,davidmartin@example.net,550-935-46602,French Guiana,YES,"Blueberry,Mango",2.1,2.6,2.6,2.1,1.4,1.2,2.1,1.9,1.8,2.5,4.0,Oregon, , 49879
142,2022-04-21,16:44:49,Jennifer,Jackson,Female,feliciapayne@example.org,167-983-84604,Antarctica (the territory South of 60 deg S),YES,Banana,1.6,1.5,2.3,1.8,2.1,1.3,1.4,2.4,2.3,2.7,1.5,Louisiana, 32204 Douglas Trafficway, 70116
77,2022-05-07,09:58:53,Andrew,Taylor,Male,fmccann@example.org,914-923-40660,Kiribati,YES,"Pineapple,Grapes,Cherry,Strawberry",1.8,1.8,2.6,1.6,2.3,1.6,1.4,1.5,2.3,2.6,8.100000000000001,Arizona, , 
218,2022-05-08,23:57:23,Robert,Anderson,Male,kristin60@example.net,732-623-50812,Kyrgyz Republic,YES,"Orange,Banana,Grapes",2.7,1.5,2.2,2.0,2.6,1.5,1.6,1.5,2.0,2.6,5.7,Virginia, , 90979
423,2022-05-17,13:47:54,Michael,Hernandez,Female,lisa73@example.com,073-111-20688,Ethiopia,YES,"Orange,Grapes,Strawberry",2.1,1.3,2.2,1.7,1.5,1.8,1.2,2.5,2.5,1.2,5.4,Rhode Island, 87816 Bowen Dale, 
267,2022-05-18,17:22:20,Jennifer,Anderson,Female,cody31@example.net,059-749-25813,France,YES,"Blueberry,Apple,Banana",2.1,1.8,2.5,1.9,1.5,2.6,1.5,2.3,1.9,1.4,6.2,Oregon, 69961 Tucker Lights Apt. 702, 23938
110,2022-05-20,21:49:05,Patricia,Brown,Female,mrodriguez@example.net,509-324-07036,Saint Kitts and Nevis,YES,"Banana,Cherry,Orange,Blueberry,Apple",1.6,1.5,1.7,2.2,1.3,1.4,2.7,2.1,2.1,1.8,8.7,Florida, , 30282
467,2022-05-26,12:05:47,Elizabeth,King,Male,marksdylan@example.net,833-644-14965,Tajikistan,YES,"Pineapple,Banana,Strawberry",1.2,2.3,2.1,1.2,1.6,2.2,2.4,2.2,1.7,1.4,6.1,Arkansas, 544 Bradshaw Forge Suite 120, 31039
148,2022-06-11,10:09:08,Kevin,Perez,Male,warrencharles@example.org,763-169-90435,Liechtenstein,YES,"Orange,Blueberry,Pineapple,Grapes,Apple",1.9,2.3,1.9,2.3,2.5,1.7,1.5,2.6,1.9,1.4,10.4,Delaware, 882 Brian Mountains, 52791
250,2022-06-26,22:19:11,Mark,Mitchell,Female,allen96@example.org,860-111-98707,Bangladesh,YES,"Blueberry,Cherry,Orange",2.4,1.8,1.7,1.5,2.7,2.1,2.6,1.7,2.4,1.4,4.8,Arizona, , 47967
316,2022-07-02,17:45:00,Joseph,Thomas,Female,garrettmichele@example.com,720-219-44751,Isle of Man,YES,"Mango,Strawberry",1.6,1.4,2.1,1.9,1.4,2.6,2.0,1.5,1.2,2.6,3.4,Louisiana, , 93239
184,2022-07-12,04:09:00,Lisa,Parker,Male,jmcclure@example.net,548-159-71627,Martinique,YES,"Mango,Banana,Orange,Grapes,Pineapple",2.5,1.5,1.4,2.6,1.5,1.8,1.6,2.6,1.8,2.5,8.9,South Dakota, 5265 Rebecca Orchard, 48313
482,2022-07-12,05:35:10,Deborah,Robinson,Male,frank96@example.com,368-055-50399,Lithuania,YES,Strawberry,1.7,1.7,1.3,1.3,2.6,1.2,2.6,1.4,1.2,1.4,2.6,New York, , 56542
365,2022-07-13,16:06:41,Deborah,Roberts,Male,darrellsaunders@example.org,071-587-98549,Lao People's Democratic Republic,YES,"Cherry,Orange,Mango",2.5,2.5,2.3,1.7,1.9,2.6,2.4,1.4,2.5,2.3,7.0,Kentucky, , 71097
360,2022-07-25,16:24:05,Christopher,Scott,Male,robert74@example.net,389-015-66387,United States Virgin Islands,YES,"Pineapple,Apple",2.6,2.7,2.6,2.1,1.8,2.5,1.6,2.4,2.3,2.1,5.1,Minnesota, , 66747
260,2022-08-02,16:49:12,Sandra,Mitchell,Female,walshbrittney@example.org,742-896-36361,Trinidad and Tobago,YES,Apple,1.3,1.5,1.3,2.6,1.8,2.5,1.6,1.2,1.7,2.5,1.3,Maine, 274 Cory Pike, 
448,2022-08-07,09:52:56,Carol,White,Female,christineshannon@example.com,735-499-54173,Pakistan,YES,"Mango,Pineapple",1.7,1.7,1.5,2.3,1.7,2.6,2.7,1.9,1.6,2.4,5.300000000000001,Utah, 597 Nicholson Flats, 
496,2022-08-15,06:44:40,Nancy,Johnson,Female,oneillsean@example.org,458-510-22239,Gambia,YES,"Blueberry,Cherry,Apple",1.4,2.0,1.8,1.6,1.7,1.5,2.5,2.6,2.6,2.5,6.5,Texas, 9356 Thompson Inlet Apt. 054, 09757
155,2022-08-17,00:16:43,Matthew,Smith,Female,ugomez@example.net,410-158-23283,Svalbard & Jan Mayen Islands,YES,"Strawberry,Grapes,Banana,Orange",2.5,2.3,1.9,2.4,2.0,1.3,2.3,2.4,1.4,2.2,8.6,California, , 36097
154,2022-08-23,01:55:07,Kevin,Smith,Male,glenntaylor@example.net,451-260-52830,India,YES,"Apple,Pineapple,Strawberry,Cherry,Peach",1.6,2.5,1.9,2.3,1.9,2.2,2.4,1.7,1.5,1.4,8.6,Vermont, 3704 Singh Path Apt. 673, 55306
158,2022-09-12,00:52:57,Matthew,Nelson,Female,emily69@example.com,863-889-60229,Bahamas,YES,"Orange,Banana,Blueberry,Strawberry",1.9,1.8,1.5,1.2,1.3,1.7,1.2,1.7,2.5,2.5,6.3,Utah, 35481 Jones Drives Suite 295, 77020
392,2022-09-13,19:25:17,Lisa,King,Female,angela08@example.net,386-612-31387,Maldives,YES,Banana,1.4,2.6,2.4,1.3,1.2,2.2,2.4,1.9,2.5,2.6,2.6,Connecticut, 045 Rodriguez Estates Apt. 608, 01329
271,2022-09-18,11:08:51,Mary,Jones,Female,brownlisa@example.net,326-115-30488,Libyan Arab Jamahiriya,YES,"Apple,Grapes",2.0,2.3,2.1,1.2,2.7,1.3,2.5,1.5,2.6,1.4,3.2,Wisconsin, , 84635
41,2022-09-30,18:08:53,Nancy,Rodriguez,Male,wreed@example.net,301-218-36399,Bermuda,YES,"Orange,Grapes,Cherry",1.9,1.8,2.0,2.2,2.1,1.8,1.7,1.5,1.7,1.4,5.6,Kentucky, , 44077
23,2022-10-08,00:58:19,David,Baker,Female,hbeasley@example.org,000-818-04847,Barbados,YES,"Pineapple,Mango",1.3,1.3,2.0,1.7,1.8,2.1,1.5,1.7,2.4,1.4,3.6,Mississippi, 906 Williams Roads, 26901
35,2022-10-16,23:04:43,Paul,Campbell,Male,juanandrews@example.org,934-296-21722,Bhutan,YES,"Peach,Apple,Banana,Cherry",2.4,2.2,1.7,2.3,1.5,1.8,1.3,1.7,2.5,2.0,9.1,Indiana, 156 Nancy Spring, 64625
119,2022-10-19,05:32:19,Elizabeth,Adams,Female,sheila56@example.com,919-030-77393,Namibia,YES,"Apple,Mango,Orange",2.5,2.3,2.7,2.4,2.3,1.4,1.9,2.3,1.9,1.8,7.1000000000000005,Nebraska, 974 Christopher Roads, 
236,2022-10-28,06:34:27,Edward,Miller,Female,nhammond@example.org,288-816-00368,Zambia,YES,"Banana,Orange,Blueberry",2.0,2.5,1.5,1.2,2.0,1.9,1.7,1.9,1.8,1.2,5.9,Oregon, , 46949
153,2022-11-07,15:59:03,Kevin,Parker,Male,gonzalezeileen@example.org,060-794-22650,Qatar,YES,Strawberry,2.3,2.3,1.8,2.1,2.2,2.2,2.4,1.5,1.6,2.5,2.2,Arkansas, , 
132,2022-11-15,09:27:58,Nancy,Miller,Female,heatherrhodes@example.net,073-063-85615,Samoa,YES,"Pineapple,Orange,Strawberry",2.1,2.6,1.9,2.1,1.2,2.4,1.9,2.2,2.0,1.2,5.5,North Carolina, , 70263
305,2022-11-16,04:49:10,Paul,Jackson,Female,michaelwilliams@example.net,959-017-31214,Seychelles,YES,"Grapes,Cherry,Strawberry,Pineapple,Peach",2.7,2.2,1.7,1.5,2.3,2.2,2.1,2.7,2.4,1.7,10.1,Kentucky, 6589 Gail Cove Suite 159, 31089
48,2022-11-17,04:24:43,Michael,White,Male,zsims@example.org,079-150-22825,New Zealand,YES,Orange,2.4,2.3,1.6,2.0,2.4,1.8,2.1,2.2,1.5,1.8,1.6,Florida, 0470 Garcia Rest Apt. 535, 56414
12,2022-11-20,21:51:01,Mary,Edwards,Male,amanda87@example.com,448-251-86980,Ghana,YES,"Cherry,Strawberry,Grapes,Blueberry",1.8,2.7,2.6,2.2,1.6,2.0,2.2,1.2,1.5,2.1,7.1000000000000005,Wisconsin, 0969 Clark Shore, 
239,2022-11-22,01:54:09,Emily,Roberts,Male,daniel48@example.com,545-156-72181,Zambia,YES,"Peach,Cherry,Orange",2.0,1.2,2.1,2.1,2.5,2.0,1.4,1.4,2.7,1.3,6.1,Nevada, 66925 Geoffrey Lodge Apt. 752, 27070
438,2022-12-01,21:43:14,Sarah,Phillips,Female,qreeves@example.com,377-137-56929,Mexico,YES,Blueberry,1.2,1.8,1.3,1.6,1.5,2.5,2.2,1.8,1.8,2.5,1.8,Washington, , 99764
376,2022-12-02,10:06:15,Michael,Hall,Female,ysellers@example.net,451-324-49341,Vanuatu,YES,"Blueberry,Apple,Orange",1.4,1.9,2.0,2.1,1.4,2.7,1.5,1.8,2.5,1.3,5.2,Montana, 327 Erica Union Apt. 319, 
358,2022-12-04,15:09:49,Kimberly,Jones,Female,williamreeves@example.com,920-053-09843,Iraq,YES,"Cherry,Mango,Pineapple,Orange,Strawberry",2.3,1.9,1.6,2.0,2.1,2.5,2.4,2.3,1.3,1.3,9.9,Illinois, 2699 Derek Passage Suite 274, 74986
188,2022-12-08,08:36:46,Steven,Green,Male,scott21@example.net,236-380-00086,Fiji,YES,"Cherry,Orange",1.4,1.7,1.5,1.4,1.7,1.2,2.5,1.3,2.0,1.5,3.0,Kansas, 561 Autumn Extension, 
214,2023-01-04,03:50:33,Melissa,Turner,Male,jsoto@example.net,123-908-81700,Sierra Leone,YES,Blueberry,2.2,2.4,2.5,2.1,1.8,1.9,1.4,2.0,2.2,1.7,2.0,Oklahoma, 655 William Inlet Suite 670, 72966
357,2023-01-30,19:25:04,Andrew,Turner,Female,tammyjones@example.net,648-898-96192,Sri Lanka,YES,Strawberry,2.6,2.5,2.0,2.4,2.6,1.7,2.6,1.8,1.7,1.5,2.6,Oklahoma, 5701 Taylor Parks Apt. 588, 
493,2023-01-30,23:37:41,Christopher,Taylor,Female,smithvicki@example.net,448-782-71835,Panama,YES,"Cherry,Apple",1.5,2.6,1.4,2.5,1.7,1.6,1.5,2.1,1.4,1.8,3.3,Tennessee, 360 Cassandra Haven Apt. 818, 32750
312,2023-01-31,08:23:09,Sarah,White,Male,ppaul@example.net,592-852-04078,Haiti,YES,"Blueberry,Peach,Pineapple,Cherry,Strawberry",1.6,2.6,1.5,2.6,2.2,2.2,1.9,1.3,1.8,2.6,10.1,Oregon, 56110 Johnson Springs, 59085
390,2023-02-05,13:40:15,Richard,Perez,Female,gordonliu@example.com,177-857-86323,Moldova,YES,"Pineapple,Grapes,Mango",1.7,2.4,1.9,2.2,1.8,1.9,1.8,1.7,1.3,2.5,5.9,Oklahoma, 131 Arnold Orchard Suite 768, 76985
491,2023-02-06,06:08:49,Nancy,Perez,Female,howardlara@example.com,238-951-11099,Qatar,YES,Pineapple,1.2,2.0,2.2,2.1,2.3,1.6,2.3,2.5,2.5,2.2,1.6,Delaware, , 44663
450,2023-03-06,12:37:53,Dorothy,Miller,Male,obaker@example.com,304-654-58144,Svalbard & Jan Mayen Islands,YES,"Strawberry,Blueberry,Orange",1.4,2.3,1.3,1.5,2.2,2.6,1.7,2.2,2.6,1.6,5.7,Georgia, , 78933
137,2023-03-09,16:58:52,Donald,Robinson,Male,kirkoconnor@example.net,835-142-08929,Suriname,YES,"Banana,Cherry,Apple,Peach",1.7,2.5,2.6,2.4,2.2,2.4,2.5,1.8,1.5,1.4,7.1,Colorado, 82605 Garza Station Suite 189, 
179,2023-03-10,22:16:59,Joshua,Rodriguez,Female,scotthaynes@example.org,566-496-61179,Lao People's Democratic Republic,YES,Banana,2.1,2.3,1.7,1.7,1.3,2.2,2.6,1.6,1.9,1.4,2.3,Wyoming, 4620 Shannon Avenue Apt. 836, 96900
187,2023-03-11,16:08:30,Donna,Hernandez,Male,gregory42@example.net,104-504-38130,Serbia,YES,"Peach,Mango,Banana,Pineapple",1.6,2.1,1.8,2.2,2.1,1.5,2.4,1.9,1.7,2.3,7.699999999999999,South Dakota, 52812 Luna Greens, 36018
248,2023-03-24,11:23:05,Paul,Lewis,Female,wwilson@example.net,225-914-25342,Benin,YES,"Strawberry,Apple,Cherry,Grapes,Orange",1.9,2.6,1.4,1.2,2.3,2.6,2.1,1.4,1.6,1.8,8.6,Florida, , 
45,2023-03-31,02:59:00,Daniel,Smith,Male,pearsonlisa@example.org,644-172-99471,South Georgia and the South Sandwich Islands,YES,"Pineapple,Grapes",2.4,1.3,1.8,2.4,2.2,2.1,2.3,2.5,1.9,1.2,4.5,Pennsylvania, 312 Ray Circle, 72411
216,2023-04-15,23:29:07,Christopher,Roberts,Male,howardjoseph@example.net,758-876-53502,Antarctica (the territory South of 60 deg S),YES,"Orange,Peach,Apple,Strawberry",2.3,2.7,1.2,2.6,1.7,1.6,2.1,2.0,2.2,1.7,7.4,Oklahoma, 097 Linda Loop Suite 034, 36244
466,2023-04-19,09:12:09,Kimberly,Anderson,Male,wdavis@example.net,471-977-19489,Cote d'Ivoire,YES,"Apple,Banana,Cherry",1.7,1.7,1.4,1.9,2.6,2.0,1.4,1.5,1.8,1.6,5.0,Vermont, 7652 Glenn Street Apt. 925, 
1,2023-04-25,16:35:06,Christopher,Turner,Male,rpayne@example.net,579-830-76270,Iceland,YES,"Apple,Banana,Pineapple",2.1,1.7,2.0,2.3,2.4,2.3,2.4,2.2,1.4,2.4,6.1,Texas, 8184 Soto Trail Suite 117, 58052
199,2023-05-01,01:44:10,Jennifer,King,Female,kristinafleming@example.org,658-083-76045,Cape Verde,YES,"Apple,Blueberry,Strawberry",2.7,1.5,2.7,1.8,2.3,2.2,2.0,2.2,2.3,1.6,7.2,Delaware, 6892 Phyllis Underpass, 
105,2023-05-15,20:48:32,Linda,Wright,Female,smathis@example.com,195-743-20465,Sudan,YES,"Apple,Blueberry,Orange",2.5,1.7,2.0,2.1,2.1,2.7,2.0,1.7,2.3,1.8,6.2,South Carolina, 341 Nichole Alley, 
426,2023-05-15,22:35:20,Charles,Lopez,Female,ericpatterson@example.net,428-173-81624,Thailand,YES,"Pineapple,Banana,Grapes,Cherry",2.5,2.1,1.3,2.1,1.7,2.5,1.9,1.6,1.9,1.5,8.2,Kentucky, , 91174
67,2023-05-18,10:22:18,Michael,Hall,Male,coryhughes@example.net,356-556-60872,Puerto Rico,YES,"Orange,Apple",2.6,1.4,2.3,1.5,1.5,1.4,1.4,2.4,1.2,1.4,4.9,North Dakota, 3519 Crystal Mill Apt. 014, 35421
84,2023-05-26,06:36:58,Elizabeth,Miller,Male,hharrington@example.net,811-405-88646,Sudan,YES,Apple,2.1,1.8,2.2,1.2,1.4,2.3,1.5,1.6,1.8,2.6,2.1,North Carolina, , 71744
36,2023-06-03,15:11:43,Robert,Anderson,Female,denniscordova@example.com,720-753-78700,Rwanda,YES,"Strawberry,Grapes",1.8,2.5,1.3,1.4,2.0,2.4,1.9,2.7,2.2,2.7,3.4,New Mexico, , 27004
372,2023-06-03,17:30:42,Joshua,Johnson,Female,rodriguezchristopher@example.com,001-779-51897,Djibouti,YES,"Strawberry,Mango",1.8,2.0,2.7,1.4,1.7,2.0,2.5,2.1,2.0,2.1,4.2,Florida, 86200 Lewis Mall, 
57,2023-06-08,03:04:57,Mary,Edwards,Male,tdavis@example.net,074-382-91509,Saint Vincent and the Grenadines,YES,"Pineapple,Orange",1.7,2.3,2.1,1.3,1.5,2.6,1.4,2.1,1.9,1.9,4.7,Kansas, , 
304,2023-06-24,16:50:10,Joseph,Adams,Female,kristina84@example.org,664-943-30452,Kenya,YES,"Grapes,Mango,Orange,Peach",1.7,2.1,1.4,1.8,1.9,1.2,2.5,2.4,2.0,2.7,7.699999999999999,Hawaii, 515 Fields Roads Apt. 192, 
410,2023-06-28,19:20:08,Nancy,Turner,Male,buchananmichael@example.net,492-041-18758,Guadeloupe,YES,"Grapes,Pineapple,Strawberry",1.8,2.5,1.2,2.4,1.9,2.0,2.0,2.1,2.4,2.4,6.300000000000001,Massachusetts, 9649 Christopher Isle Apt. 663, 17882
459,2023-06-30,19:48:13,Jennifer,Edwards,Female,millershelly@example.net,712-602-30391,Slovenia,YES,"Strawberry,Grapes",1.7,2.7,1.8,1.2,2.4,1.4,1.4,1.6,1.6,1.6,3.6,Tennessee, , 28844
235,2023-07-20,18:29:12,Linda,King,Female,richardalexander@example.org,225-202-05292,Uruguay,YES,"Pineapple,Banana,Peach,Cherry",1.3,1.6,2.0,1.9,2.4,2.7,1.5,2.3,1.3,2.0,7.6,New Jersey, 27465 Christopher Mills Suite 121, 72494
384,2023-08-05,01:16:05,Brian,Wilson,Male,kimberlyhall@example.org,628-219-35252,El Salvador,YES,"Strawberry,Peach,Pineapple,Cherry",2.0,1.6,2.5,2.2,2.5,2.5,1.6,1.8,2.0,2.2,9.2,North Dakota, 588 Cross Mills Suite 791, 64504
289,2023-08-15,00:07:26,Steven,Collins,Male,wolfjesse@example.org,890-489-84321,Azerbaijan,YES,"Pineapple,Mango,Apple,Cherry",2.4,1.4,2.0,2.6,1.7,1.9,2.3,2.1,1.3,2.4,9.0,New Mexico, 552 Smith Mountain, 58088
28,2023-08-28,06:14:43,George,Lewis,Male,pellis@example.org,854-492-79469,Kazakhstan,YES,"Apple,Mango,Strawberry,Peach",1.2,1.4,1.4,2.6,1.8,2.0,2.3,1.8,2.5,1.9,7.8,Utah, , 80993
349,2023-08-31,01:46:42,Robert,Mitchell,Female,kirkbrian@example.net,773-235-04010,Indonesia,YES,"Pineapple,Strawberry,Orange",1.9,2.4,2.6,1.3,2.0,1.4,1.4,2.4,2.2,2.7,6.0,New York, , 08043
4,2023-09-02,20:31:51,Barbara,Young,Female,shawn89@example.net,968-667-32593,Moldova,YES,"Banana,Cherry,Mango,Pineapple",1.8,2.7,2.4,2.5,1.5,2.6,2.3,1.6,2.7,1.4,9.0,Nevada, 8491 Stone Lakes, 51243
177,2023-09-13,15:31:40,Mark,Roberts,Male,stephen01@example.com,830-392-90355,Paraguay,YES,"Blueberry,Mango,Peach,Grapes,Banana",2.2,2.6,2.4,1.6,1.5,2.3,1.9,1.3,2.2,2.3,9.6,Washington, , 96306
203,2023-09-14,04:21:47,Dorothy,Parker,Female,tdixon@example.net,493-936-90152,Northern Mariana Islands,YES,"Cherry,Apple",1.2,1.2,2.3,1.9,2.5,2.6,2.4,1.5,2.4,2.6,3.8,Arkansas, 4838 Andrea Estates Apt. 392, 86312
141,2023-09-23,07:54:07,Brian,Rodriguez,Female,odavis@example.org,447-560-62350,Greece,YES,"Banana,Strawberry",1.9,1.4,2.4,1.4,1.6,2.3,1.8,1.4,2.6,2.2,3.0,North Dakota, 5006 Jared Park Suite 624, 73164
310,2023-09-25,18:41:53,William,Baker,Male,hutchinsonjennifer@example.org,006-382-80705,Saint Pierre and Miquelon,YES,"Apple,Cherry",2.3,2.5,1.8,1.6,1.3,2.4,1.3,1.9,1.6,1.3,3.6,Nebraska, 34607 Thomas Plaza Suite 753, 76724
32,2023-09-29,14:16:36,Susan,Perez,Female,larryhicks@example.org,758-603-99795,Venezuela,YES,"Banana,Blueberry,Mango",2.1,2.1,2.6,1.7,2.7,1.4,1.5,2.1,1.2,1.9,5.7,Missouri, , 03018
290,2023-09-29,15:27:29,Joshua,Lopez,Male,kimknight@example.net,357-653-52880,Gambia,YES,"Banana,Cherry,Apple",2.3,1.9,2.0,2.7,2.4,1.6,2.5,2.2,2.7,2.5,6.7,Michigan, , 
96,2023-10-06,05:40:29,Christopher,Parker,Male,martin99@example.org,741-306-09144,Holy See (Vatican City State),YES,"Mango,Cherry,Strawberry,Apple",2.4,2.5,2.3,1.9,2.4,2.7,2.3,1.7,2.1,1.6,8.7,New Mexico, , 
149,2023-10-07,21:36:08,John,Lewis,Female,meghanjacobs@example.com,840-819-76534,Colombia,YES,"Orange,Strawberry,Banana,Pineapple,Apple",2.0,2.1,2.3,2.6,1.9,2.4,1.8,2.4,1.6,1.3,10.7,North Dakota, , 61767
483,2023-10-09,07:24:37,Linda,Phillips,Male,enoble@example.org,772-841-88838,Bolivia,YES,"Mango,Orange",2.4,2.0,2.6,2.6,2.6,2.5,1.5,1.8,1.8,2.6,4.1,New Jersey, , 37516
5,2023-10-27,23:31:40,Elizabeth,Jackson,Male,caroline66@example.net,666-914-70647,Aruba,YES,"Strawberry,Banana,Apple,Peach,Cherry",1.8,1.2,1.5,1.2,1.6,2.1,1.9,2.3,2.1,2.1,8.799999999999999,Ohio, 9506 Charles Via Suite 840, 
253,2023-10-30,15:18:37,Jessica,Campbell,Male,greenemelissa@example.net,654-920-86123,Netherlands,YES,"Grapes,Blueberry,Orange",2.1,1.9,1.3,1.6,1.8,1.6,2.2,1.5,1.9,2.0,4.4,Connecticut, 954 Campbell Manors Apt. 478, 
383,2023-11-23,05:11:23,Margaret,Carter,Female,obrown@example.org,958-165-79498,Somalia,YES,"Banana,Mango,Apple",2.4,1.8,1.4,2.5,2.0,1.8,1.3,2.0,2.6,1.8,5.5,Missouri, 6338 Jefferson Lodge, 20089
111,2023-11-28,22:08:11,Donna,Wright,Male,thomasmann@example.com,626-131-06523,Palestinian Territory,YES,"Orange,Cherry,Banana,Grapes",1.4,2.5,1.8,2.6,2.1,2.5,1.7,1.3,2.2,1.5,8.4,West Virginia, 270 Taylor Wall Suite 680, 69598
168,2023-12-05,06:41:43,Paul,Harris,Male,vcole@example.com,414-089-42348,Mozambique,YES,"Peach,Apple,Grapes,Strawberry,Blueberry",1.4,2.0,2.0,2.4,2.1,1.7,2.6,1.2,1.9,2.4,8.999999999999998,New Mexico, 9453 Conley Ports Apt. 905, 62701
396,2023-12-05,09:12:44,Nancy,Young,Male,aaronmoreno@example.org,624-931-67920,Comoros,YES,"Pineapple,Cherry",1.8,1.3,1.3,2.1,2.6,2.4,1.9,1.5,1.9,2.1,4.5,Louisiana, 3226 Evan Prairie Apt. 734, 62580
143,2023-12-10,15:54:35,James,Young,Male,briggs@example.com,648-647-81473,Monaco,YES,"Blueberry,Banana,Strawberry,Apple,Peach",1.4,2.7,1.4,1.8,1.4,1.5,1.3,2.0,2.3,2.7,9.8,Nebraska, 714 William Drives Suite 212, 43371
498,2023-12-23,20:29:47,Linda,Jackson,Female,jonathan11@example.org,869-943-27260,Netherlands Antilles,YES,"Cherry,Peach,Apple,Pineapple",1.4,1.3,2.0,1.8,1.4,2.2,2.2,2.1,2.7,2.0,8.3,Virginia, 069 Lauren Ways, 44018
451,2023-12-27,06:14:02,Kevin,Lopez,Female,christopher56@example.net,609-305-70858,Seychelles,YES,"Mango,Strawberry,Orange,Grapes,Banana",1.6,1.4,2.4,1.6,1.4,2.6,2.7,1.2,2.0,1.6,9.5,Florida, , 13825
171,2023-12-27,10:35:30,Carol,White,Male,kentconrad@example.org,037-164-13694,Antigua and Barbuda,YES,"Apple,Mango,Orange",1.2,2.0,2.1,1.3,2.4,1.9,1.7,2.2,1.3,2.3,5.0,New York, , 80229
17,2023-12-27,14:25:48,Michael,Garcia,Male,michaelcook@example.net,399-158-74737,Palestinian Territory,YES,Banana,1.5,2.4,2.1,1.5,2.3,2.7,2.2,1.9,2.6,1.9,2.4,North Carolina, , 16937
382,2024-01-06,04:14:06,Melissa,Adams,Male,hmcdowell@example.com,443-375-35685,Sierra Leone,YES,"Pineapple,Strawberry",1.5,1.3,1.5,1.6,2.6,1.4,2.6,2.2,2.4,1.7,4.0,Rhode Island, 60017 Santana Ports, 99353
15,2024-01-26,12:49:04,Thomas,White,Female,todddavis@example.com,137-303-23277,Norway,YES,"Banana,Orange",2.3,2.3,2.1,1.9,2.5,2.6,1.4,2.4,2.2,2.6,4.4,Washington, 95012 Tracie Extensions, 37374
387,2024-01-28,04:44:06,Susan,Williams,Female,tateteresa@example.com,361-580-11209,Uruguay,YES,"Apple,Mango,Grapes",1.8,2.1,1.4,2.2,1.3,2.7,1.7,1.9,1.6,1.5,5.7,New Mexico, , 14103
226,2024-02-04,13:49:45,William,Davis,Male,xwalker@example.com,102-237-32111,Aruba,YES,"Pineapple,Blueberry,Cherry,Strawberry,Orange",2.4,1.7,2.3,1.2,1.7,1.7,1.4,1.8,2.6,1.9,9.4,Pennsylvania, 9859 Myers View Apt. 156, 
472,2024-02-07,23:09:25,James,King,Male,phanna@example.com,061-052-45363,Monaco,YES,"Cherry,Strawberry",2.7,1.9,1.9,2.5,2.5,1.5,2.0,2.2,1.3,2.5,5.0,New Jersey, 5967 Cobb Island, 
427,2024-02-16,01:32:04,Matthew,Robinson,Male,marquezlauren@example.com,896-861-42585,Norfolk Island,YES,Peach,1.4,1.8,1.6,1.3,2.3,2.3,1.7,2.6,2.6,2.7,2.6,New Hampshire, , 85181
296,2024-02-16,13:53:10,Lisa,Martin,Female,hudsoncassandra@example.net,479-627-45435,Somalia,YES,"Cherry,Orange,Peach,Mango",1.8,1.4,2.2,1.5,2.0,1.7,1.9,2.4,1.8,2.0,7.9,Mississippi, 492 Tammy Road, 
225,2024-02-16,22:32:08,Andrew,Carter,Male,ohouse@example.net,330-032-69457,Yemen,YES,"Cherry,Orange,Blueberry,Pineapple,Grapes",2.0,2.2,2.5,2.5,2.2,2.6,2.5,1.4,2.2,1.2,10.2,Pennsylvania, , 
320,2024-02-27,06:55:09,Edward,Allen,Female,spencer79@example.net,228-700-05557,French Guiana,YES,Strawberry,1.9,2.5,2.1,1.5,2.5,2.7,2.1,2.0,2.2,2.0,2.5,Pennsylvania, , 
447,2024-02-28,00:51:00,Karen,Anderson,Male,crawfordwilliam@example.com,378-908-73504,Belarus,YES,"Pineapple,Cherry,Peach,Strawberry,Mango",1.6,1.8,2.0,2.0,2.4,2.6,2.2,2.5,1.9,1.3,10.400000000000002,Utah, 01117 Audrey Pines Suite 152, 23035
477,2024-03-04,21:25:36,Matthew,Rodriguez,Female,frenchemma@example.org,938-212-09626,Rwanda,YES,"Blueberry,Cherry,Mango,Pineapple",1.4,1.4,2.6,1.6,1.9,2.4,2.6,1.6,1.8,2.5,9.1,Washington, , 19502
306,2024-03-09,05:16:32,Donald,Baker,Female,fwheeler@example.net,153-394-36007,Botswana,YES,"Peach,Strawberry,Orange,Cherry,Grapes",2.7,1.9,2.2,1.4,1.9,1.5,2.0,2.5,1.6,2.5,9.6,Connecticut, 3605 Scott Green Suite 586, 
400,2024-03-14,01:26:23,Sarah,Rodriguez,Female,craiggary@example.org,909-661-35341,Romania,YES,"Grapes,Pineapple",2.2,2.5,2.0,2.4,2.0,2.0,1.8,2.3,2.1,1.4,4.4,Minnesota, , 45909
429,2024-04-02,08:51:16,Jennifer,Anderson,Female,hamptonkayla@example.org,233-459-70564,Mauritius,YES,"Blueberry,Orange",2.6,2.3,1.8,2.2,2.6,2.1,1.9,2.0,2.7,1.7,3.8,Washington, 7101 Garcia Prairie, 72024
201,2024-04-03,11:22:52,Matthew,Roberts,Female,brendaclayton@example.net,290-286-24426,Korea,YES,"Apple,Pineapple",1.8,2.0,2.5,1.8,1.7,1.9,1.5,1.5,1.5,2.5,3.7,Missouri, 248 Bonnie Trail Apt. 786, 52693
106,2024-04-21,17:50:41,James,Walker,Female,millernicholas@example.org,111-394-89057,Nigeria,YES,"Pineapple,Grapes",1.6,2.1,1.6,1.3,1.5,2.3,2.2,1.7,2.3,1.3,3.6,Oregon, 945 Jefferson Oval, 81758
212,2024-04-26,19:59:15,Robert,Perez,Male,wandamack@example.com,397-141-56924,Croatia,YES,"Orange,Strawberry,Cherry,Peach",2.6,1.6,2.2,1.9,2.5,1.4,1.3,1.6,1.5,2.4,8.6,Oregon, 52363 Brandi Drive, 73129
146,2024-04-28,09:41:32,Elizabeth,Campbell,Male,smyers@example.com,654-423-05876,Ukraine,YES,"Cherry,Grapes,Pineapple,Apple",1.8,2.5,2.2,1.5,1.6,2.3,2.4,1.8,2.5,2.0,7.6,Alaska, 9564 Forbes Lane Apt. 537, 
169,2024-05-23,13:04:12,Barbara,Perez,Female,alexanderrichardson@example.net,471-644-50578,Qatar,YES,Blueberry,2.6,1.4,2.0,1.8,2.6,1.5,2.5,2.3,2.3,2.0,2.3,Louisiana, 8164 Ruben Inlet Apt. 715, 
71,2024-05-27,00:43:00,Paul,Martinez,Male,hmckinney@example.com,098-438-54981,Sudan,YES,Cherry,2.4,2.2,2.7,2.6,1.3,1.5,2.0,2.4,1.4,1.7,1.7,Tennessee, 864 Duran Circles Apt. 872, 51031
419,2024-06-06,10:24:59,Patricia,Hill,Female,ujones@example.net,060-544-72024,Iceland,YES,"Blueberry,Grapes,Mango,Apple",2.4,2.6,1.6,2.5,2.3,2.0,1.3,2.2,2.6,1.5,8.4,Arizona, 2772 Ellis Groves Apt. 084, 
136,2024-06-07,12:48:34,Paul,Garcia,Male,zstokes@example.org,256-836-49408,United States of America,YES,Orange,2.5,2.4,2.4,1.4,1.3,1.3,2.3,2.3,2.3,1.3,2.4,Minnesota, 8752 Oliver Wells, 11210
300,2024-06-10,14:08:35,Elizabeth,Perez,Male,nicholasshaw@example.org,104-432-55952,Uzbekistan,YES,"Grapes,Orange",1.4,1.6,1.7,2.1,1.5,2.6,1.4,1.5,1.6,2.3,3.8,New York, 53884 Michelle Locks Apt. 462, 20491
433,2024-06-10,15:48:53,Kevin,King,Female,michelevillanueva@example.net,330-317-45725,Congo,YES,"Pineapple,Cherry,Apple,Peach,Orange",1.6,2.5,2.3,1.8,1.5,1.2,1.6,1.8,2.6,1.7,9.4,Iowa, 1460 French Radial, 
118,2024-06-14,00:32:03,Brian,Thompson,Female,cfoster@example.org,684-818-28519,Palestinian Territory,YES,"Banana,Peach,Orange",1.3,2.3,1.7,2.6,2.0,1.9,2.2,1.2,1.6,2.4,5.6,Oregon, 10548 Felicia Route Apt. 439, 37370
47,2024-06-22,16:14:25,Andrew,Brown,Male,david53@example.com,106-324-29476,Antigua and Barbuda,YES,"Grapes,Strawberry,Blueberry,Cherry,Pineapple",1.4,1.7,1.8,1.3,1.8,1.4,2.4,1.6,2.6,2.3,8.4,Nevada, 14322 Mitchell Forges Apt. 254, 
157,2024-06-26,15:01:04,Barbara,Parker,Female,sethjackson@example.net,353-848-58120,Papua New Guinea,YES,Cherry,2.6,2.5,1.5,1.9,2.4,2.5,2.5,1.2,2.4,1.4,1.4,Illinois, , 25890
219,2024-07-08,16:47:43,Elizabeth,Taylor,Male,zimmermanstacy@example.org,226-119-91419,Saint Barthelemy,YES,"Banana,Strawberry",1.4,2.1,2.0,2.5,1.6,1.4,1.9,2.5,1.3,1.6,3.7,Hawaii, 37678 Holder Turnpike Apt. 710, 
445,2024-07-12,16:10:44,Joshua,Hall,Male,byrdkerri@example.net,081-752-04664,Bosnia and Herzegovina,YES,"Mango,Grapes,Blueberry,Strawberry",1.4,1.7,2.1,2.6,2.1,1.9,2.2,2.3,1.7,2.6,9.2,West Virginia, , 24808
295,2024-07-13,15:25:58,Sandra,Thompson,Female,andersonjohn@example.org,430-884-07453,Ukraine,YES,"Apple,Orange,Mango,Pineapple,Blueberry",2.2,2.5,1.7,2.1,1.2,2.5,1.3,1.4,2.5,1.3,9.1,North Dakota, 61913 Mathews Port, 07747
20,2024-08-16,21:52:05,Jennifer,King,Male,phicks@example.com,302-347-81127,Palestinian Territory,YES,"Peach,Orange",2.0,2.5,2.3,2.1,1.4,2.7,2.5,2.0,1.9,1.7,4.199999999999999,Tennessee, , 98804
381,2024-09-08,15:42:53,Barbara,Johnson,Male,asmith@example.com,825-107-89343,Hungary,YES,"Grapes,Strawberry,Cherry",2.4,1.6,2.0,1.3,2.1,1.4,2.0,1.6,2.5,2.6,6.0,Montana, 7565 Angela Walk Apt. 476, 
350,2024-09-15,01:27:09,Christopher,Carter,Female,egarcia@example.com,792-833-49230,Antarctica (the territory South of 60 deg S),YES,"Banana,Grapes,Strawberry,Pineapple",2.3,2.5,1.2,1.3,1.3,2.5,2.6,2.3,1.6,2.1,7.6,Kansas, , 91387
385,2024-09-16,02:14:13,Deborah,Scott,Female,clarkejennifer@example.org,562-853-54223,Pakistan,YES,"Blueberry,Mango,Apple,Cherry",2.3,2.2,1.9,2.0,2.5,1.7,1.3,1.2,1.8,1.9,6.699999999999999,Alaska, 142 Dustin Skyway, 07183
181,2024-09-17,15:39:35,Daniel,Mitchell,Female,zrosales@example.com,277-820-22202,Chad,YES,Orange,1.5,1.4,2.1,1.8,1.6,1.8,2.2,2.6,1.8,1.6,2.1,Wisconsin, , 
401,2024-09-29,12:52:46,Lisa,Williams,Male,hernandezjoshua@example.org,504-598-35899,Bahamas,YES,"Orange,Peach",1.3,1.3,2.1,2.4,2.0,2.0,1.9,2.4,2.4,1.7,4.5,Michigan, 16874 Zavala Prairie Apt. 200, 23482
297,2024-09-29,15:00:43,Kevin,Phillips,Female,tuckerdouglas@example.com,162-148-39898,Chile,YES,Peach,2.3,2.7,2.3,2.2,1.7,2.6,1.5,1.7,1.4,2.3,1.4,North Carolina, 5561 Kyle Via Suite 777, 55447
151,2024-10-09,12:06:10,Kenneth,Phillips,Female,karen15@example.net,411-149-03980,Taiwan,YES,"Grapes,Cherry,Pineapple,Blueberry,Apple",2.6,2.5,1.9,1.6,1.5,1.9,1.2,1.5,2.0,2.0,9.6,Maryland, 5181 Julian Overpass, 
85,2024-10-13,04:44:16,Sarah,Robinson,Female,qsmith@example.org,605-828-34337,Martinique,YES,"Apple,Blueberry",1.4,1.9,2.0,1.3,1.4,1.4,2.3,1.6,1.9,1.8,3.0,Arizona, 27874 Edward Ports, 
302,2024-10-14,20:04:11,Steven,Phillips,Male,claudiagilbert@example.org,316-692-70439,Norfolk Island,YES,Orange,1.7,1.7,1.8,1.6,2.2,1.6,1.5,2.2,2.4,1.4,1.8,Nebraska, , 78462
52,2024-10-16,06:53:22,Robert,Hall,Female,krista13@example.com,560-562-16475,Malawi,YES,"Grapes,Orange,Strawberry",1.4,1.4,1.6,1.3,2.4,1.9,2.1,2.3,2.7,2.3,5.300000000000001,California, , 50402
345,2024-10-18,19:01:12,Matthew,Walker,Male,rita69@example.net,213-932-26321,Cyprus,YES,"Banana,Apple,Cherry,Peach,Strawberry",1.9,2.0,1.4,2.4,2.6,2.3,1.9,1.5,1.5,1.3,9.3,Pennsylvania, , 55329
49,2024-10-20,11:22:05,Kenneth,Jackson,Male,gbenson@example.org,749-431-04580,Korea,YES,"Orange,Grapes,Pineapple,Strawberry",2.2,2.3,1.6,2.0,1.4,1.2,1.7,2.0,1.2,1.5,6.199999999999999,Indiana, 23673 Brown Lane, 81844
92,2024-10-26,06:44:40,Paul,Evans,Female,alan48@example.com,335-464-42874,Swaziland,YES,"Blueberry,Grapes,Peach",2.6,2.3,2.1,1.9,1.9,2.0,1.5,2.6,2.0,1.2,6.5,Vermont, , 01944
388,2024-11-06,09:11:43,Kevin,Campbell,Male,angelameyer@example.org,445-927-38901,Guernsey,YES,"Cherry,Grapes,Strawberry",1.9,1.5,1.4,2.7,1.6,2.6,1.4,1.9,2.0,1.8,6.1,South Carolina, , 37908
266,2024-11-19,21:15:56,David,Thomas,Male,bradley95@example.net,506-281-45359,Canada,YES,"Grapes,Blueberry",2.4,1.7,1.3,1.3,2.2,2.3,2.4,2.7,2.6,2.3,4.0,Texas, , 99623
409,2024-11-24,07:28:27,Michelle,Green,Female,juanhaynes@example.com,934-376-93868,Pakistan,YES,"Banana,Strawberry,Cherry",2.0,1.3,1.5,2.2,1.5,1.7,1.8,2.1,1.4,1.3,4.1,Kentucky, 6111 Bryan Square Apt. 072, 
174,2024-11-24,10:48:35,Daniel,Lewis,Female,nhoward@example.org,494-173-77032,Lithuania,YES,"Strawberry,Pineapple",2.3,1.5,2.3,2.5,2.2,2.5,2.7,2.4,1.6,2.0,4.7,Illinois, , 
145,2024-11-28,15:45:05,Karen,White,Male,huntsue@example.net,162-509-13812,Tuvalu,YES,"Apple,Pineapple,Grapes",2.3,1.8,1.8,2.0,2.1,1.8,2.6,1.2,2.3,1.4,6.1,Michigan, 35787 Richard Center, 48494
53,2024-11-29,03:48:51,Amanda,Robinson,Male,william71@example.net,698-068-30240,Montenegro,YES,"Peach,Strawberry,Mango,Blueberry",2.5,2.3,1.4,1.5,2.0,1.4,2.0,2.5,1.7,1.8,8.2,Mississippi, 7278 Michael Well, 35914
79,2024-12-04,22:48:05,Elizabeth,Young,Female,vwhite@example.net,238-198-06148,Philippines,YES,Orange,1.7,2.3,2.4,1.8,1.2,1.3,2.2,2.1,1.2,2.6,2.4,North Dakota, 442 Caroline Hollow, 17765
457,2024-12-08,00:03:13,Nancy,Martinez,Female,alvarezholly@example.com,370-778-60624,Saint Martin,YES,"Mango,Peach,Banana,Pineapple",2.0,2.6,2.4,2.5,1.9,2.1,1.4,2.0,1.9,2.5,8.0,Illinois, 2618 Carter Brook, 09199
416,2024-12-11,14:52:05,Sarah,Green,Female,darius88@example.org,751-803-46126,Guadeloupe,YES,Strawberry,1.4,2.4,1.6,2.6,1.5,1.4,2.3,1.6,1.3,2.6,1.5,Missouri, 66999 Brandon Summit Suite 077, 
379,2024-12-16,21:25:22,Amanda,Collins,Female,jeremyflores@example.net,525-461-71034,New Caledonia,YES,"Blueberry,Grapes,Orange",2.7,2.6,1.8,1.8,1.3,2.2,2.6,2.4,1.7,2.4,6.0,Ohio, 567 Joshua Isle Apt. 406, 84823
434,2024-12-29,11:51:49,Jessica,Evans,Female,charlesalicia@example.com,125-444-18185,Ukraine,YES,"Orange,Apple,Grapes,Banana",1.3,1.8,2.6,1.4,2.1,1.3,1.4,2.1,1.6,2.4,7.1000000000000005,New Jersey, , 93722
93,2024-12-29,13:46:56,Matthew,Hernandez,Female,alyssablack@example.org,028-217-02531,Myanmar,YES,"Blueberry,Pineapple,Apple,Strawberry",2.1,1.4,2.2,2.5,2.0,2.1,2.2,2.0,1.2,1.7,8.2,Arkansas, 785 Harris Bypass, 68019
